Rank,Title,Artist,Genre,Lyrics
1,A Bar Song (Tipsy),Shaboozey,"['Country Pop', 'Stomp And Holler', 'In English', 'USA', 'Country']",babi birkin tellin night gasolin groceri list ninetof workin hard worri bout em uh prechoru em bring plenti twosteppin tabl danc floor lord pour doubl shot whiskey jack daniеl histori parti downtown street evеrybodi bar gettin tipsi postchoru bar gettin tipsi bar gettin tipsi boozey left changin check forget lord woke drunk gon shit girl bring friend lord likeprechoru em bring plenti twosteppin tabl danc floor lord pour doubl shot whiskey doubl shot whiskey jack daniel histori parti downtown street bar gettin tipsi postchoru bar gettin tipsi bar gettin tipsi bar gettin tipsi bridg kick door gettin late ladi lord em drink pour doubl shot whiskey doubl shot whiskey jack daniel histori parti downtown street bar gettin tipsi wooooh pour doubl shot whiskey doubl shot whiskey jack daniel histori jack bottl babi bar gettin tipsi bar gettin tipsi postchoru bar gettin tipsi bar gettin tipsi outro fuckin mess bro kick baremb
2,Birds Of A Feather,Billie Eilish,"['Alternative Pop', 'Alternative', 'USA', 'In English', 'Pop']",stay grave rot dead buri casket carri goin uh alright turnin blue save nothin left lose babi refrain bird feather stick chang weather prechoru cryin love babi love day die day die light leav eye day die billi eilish liveget ticket likevers told ya compliment throw ya shit uh bit mind pollut wanna quit stupid prechoru cryin love babi wanna goodby bird feather stick day die light leav eye chang weather day die postchoru life eye love surprisedemb
3,I Had Some Help,Post Malone Featuring Morgan Wallen,"['Duet', 'Pop-Rock', 'Country Rock', 'Country Pop', 'USA', 'In English', 'Country']",post malon lotta nerv babi hit curb tellin friend crazi whyd throw stone wild hair livin glass hous view post malon kinda mess pull bottl shelf deep weekend teamwork dream postchoru post malon morgan wallen blame acrumbl guilti somethin lost game runnin guess catchin huh innoc shit angel heavens wash hand post malon liveget ticket likechoru morgan wallen kinda mess pull bottl shelf deep weekend teamwork dream postchoru post malon bridg morgan wallen post malon take break heart ooh babi blame babi blame truth post malon morgan wallen kinda mess pull bottl shelf deep weekend teamwork dream postchoru post malon helpemb
4,Espresso,Sabrina Carpenter,"['Teen Pop', 'Funk-Pop', 'Dance', 'Bubblegum Pop', 'Singer-Songwriter', 'Nu Disco', 'Dance-Pop', 'In English', 'USA', 'Pop']",thinkin bout night sweet guess sleep babi espresso left switch nintendo sleep babi espresso relat desper giveafuck vacat boy call em prechoru bad ya walk dreamcametru ya soft skin perfum ya mountain dew ya morn coffe brew ya touch brandnew ya ooh thinkin bout night sweet guess sleep babi espresso left switch nintendo sleep babi espresso sabrina carpent liveget ticket likepostchoru holi shit sweet guess late singer cute wrap finger twist humor laugh honeybe pollen prechoru bad ya walk dreamcametru ya soft skin perfum ya ayi ayi mountain dew ya morn coffe brew ya touch brandnew ya stupid thinkin bout night sweet guess sleep babi espresso left switch nintendo sleep babi espresso thinkin bout night sweet guess sleep babi espresso left left switch nintendo sleep babi espresso outro sweet guess espressoemb
5,Die With A Smile,Lady Gaga & Bruno Mars,"['Pop-R&B', 'Soul', 'Soft Rock', 'Alternative R&B', 'R&B', 'Soul Pop', 'Pop-Rock', 'Rock', 'Ballad', 'Duet', 'In English', 'USA', 'Pop']",bruno mar ooh ooh bruno mar woke dream goodby surviv realiz prechoru bruno mar follow nobodi promis tomorrow ima love night night night bruno mar wanna parti time earth wanna hold die smile wanna postchoru bruno mar ooh ooh likevers ladi gaga ladi gaga bruno mar ooh lost lost scream wanna love war worth fight prechoru ladi gaga bruno mar follow nobodi promis tomorrow ima love night night night ladi gaga bruno mar ladi gaga wanna parti time earth wanna hold die smile wanna bridg bruno mar ladi gaga ohoh ladi gaga ladi gaga bruno mar bruno mar wanna parti time earth wanna hold die smile wanna wanna outro bruno mar ladi gaga bruno mar ooh ooh wanna youemb
6,"Good Luck, Babe!",Chappell Roan,"['Synthwave', 'New Wave (Rock)', 'Baroque Pop', 'Dance-Pop', 'Art Pop', 'Alternative Pop', 'Singer-Songwriter', 'LGBTQ+', 'Synth-Pop', 'In English', 'USA', 'Pop']",fine cool truth guess fool arm angel car sunroof prechoru wanna wanna love wanna babi kiss boy bar shoot shot feel excus stupid reason luck babe luck luck babe luck feel luck babe luck luck babe luck feel cliché care sexual explicit love affair fair lovin air likeprechoru gonna love wanna love call babi kiss boy bar shoot shot feel excus stupid reason luck babe luck luck babe luck feel luck babe luck luck babe luck feel bridg wake middl night head hand wife stand told hate told hate told kiss boy bar shoot shot feel told excus stupid reason luck babe luck luck babe luck feel luck babe luck luck babe luck feel outro feel feel feelingemb
7,Taste,Sabrina Carpenter,"['Bubblegum Dance', 'Rock', 'Dance Rock', 'Pop-Rock', 'Bubblegum Pop', 'Dance-Pop', 'Dance', 'Singer-Songwriter', 'In English', 'USA', 'Pop']",leav impress feet exact wonderin cloth missin bodi prechoru layin degre separ heard true tast kissin bet tast postchoru uhhuh pin carpet paint tongu lalalalalalala hе funni joke hit guеss learn prechoru layin degre separ sabrina carpent liveget ticket likechoru heard true tast kissin bet bet tast postchoru lalalalalalala bridg time close eye feel lip feelin time breath air singin bout care yeah share heard true tast kissin bet bet tast outro tast ow lalalalalalala tast kissin yeah ahah lalalalalalala tast kissin youemb
8,Lose Control,Teddy Swims,"['USA', 'Adult Alternative', 'Alternative R&B', 'Alternative Pop', 'Soul Pop', 'R&B', 'In English', 'Soul', 'Adult Contemporary', 'Pop']",someth hold feel wall closin devil knockin door woah mind time bein yeah toll tryin tearin skin bone lose control fallin lose control mhm yeah breakin heart babi mess problemat bodi fiend bad habit bad habit hard break yeah real fullmoon black magic take problemat addict relief skin teeth forest tree knee darlin teddi swim liveget ticket likechoru lose control fallin lose control mmhmm yeah breakin heart babi mess yeah instrument break lose control fallin lose control mhm yeah breakin heart babi mess meemb
9,Please Please Please,Sabrina Carpenter,"['Bubblegum Pop', 'Pop-Rock', 'Soft Rock', 'Synth-Pop', 'Country', 'Singer-Songwriter', 'Boogie', 'Country Pop', 'In English', 'USA', 'Pop']",judgment tast funni iron feel promis em mistak heard actor standup guy devil tonight cultur roll eye yeah babi prove pleasе bring tеar makeup nice heartbreak ego beg embarrass motherfuck fun idea babe uhhuh stay cravin fresh air ceil fan nice nice live happili kid kinda sabrina carpent liveget ticket likechoru prove prove bring tear makeup nice heartbreak heartbreak ego ego beg embarrass motherfuck outro wanna stupid wanna music hate prolif ahemb
10,Beautiful Things,Benson Boone,"['Alternative', 'Rock', 'Alternative Rock', 'In English', 'Pop-Rock', 'Pop']",rough doin cold decemb recal famili month girl parent love stay night god day girl hold night feel wanna terrifi stand lose prechoru hope losе stay god thеse beauti stay god beauti benson boon liveget ticket likepostchoru ooh mind feelin sane find faith everyth sit wait ya peac love night thinkin lose stay god beauti postchoru ooh outro stay god beauti gotemb
11,Not Like Us,Kendrick Lamar,"['Hyphy', 'Hardcore Rap', 'Hip-Hop', 'Diss Track', 'In English', 'USA', 'West Coast Rap', 'Rap']",psst dead peopl mustard beat ho ayi mustard beat ho deebo rap nigga throw amberlamp breath bro nail nigga cross walk teezo jabroniass nigga tryna compton industri hate fuck em mama opp option finna pass bodi john stockton beat ass hide bibl god watchin gotta pop nigga certifi boogeyman score em walk time ho pole extort shit bulli death row drake hear em cell block bitch talk love hide lil sister chubb handmedown parti parti playin nose baka weird certifi lover boy certifi pedophil wop wop wop wop wop dot fuck em wop wop wop wop wop ima stuff trollin bitch tire tryna strike chord minor likechoru bay gon disrespect pac nigga oakland gon nigga cole foul pretendin owl bird nigga burnt bitch audienc dumb shape stori hey drake slow rabbit hole deep promis somethin brad stand bitch malibu law boy ball boy fetch gatorad somethin bitch jumpin niggasl wedgi flip boxer ovo vagin option pussi nigga straighten postur famou compton write doctor pop star quit hidin fuck action accid handson fuck polish fuck wayn girl jail connivin tat bitch apologizin glad deroz yall deserv alondra central nigga speak serena homeboy subpoena predat flock gotta regist neighborhood watch lean nigga wock yeah eye ima send pac ayi wrong label ima em drop ayi sweet chin music pass aux ayi stock stock ayi ayi devil lie god ayi freakyass nigga stay ass ayi roll ass fresh pack ayi citi ayi time chain homi doubl callin slave atlanta mecca buildin railroad train bear yall game settler usin townfolk em richer fastforward agenda atlanta check balanc break real nigga challeng call futur club ayi lil babi help lingo fals street cred thug feel slime head ayi quavo northsid chainz lie atlanta dollar colleagu fuckin colon famili matter truth matter god plan yall liar bridg mmmm fan fan fan fan fan freakyass nigga god freakyass nigga god hey hey hey hey life hey hey hey hey life freakyass nigga god freakyass nigga god hey hey hey hey life hey hey hey hey life hear ovho ovho ovho ovho step step step step outro friend lock step step step step wayemb
12,Timeless,The Weeknd & Playboi Carti,"['AI', 'R&B', 'Pop Rap', 'Rap', 'USA', 'In English', 'Southern Rap', 'Pop', 'Canada', 'Atlanta Rap']",weeknd xo ooh yeah ooh yeah playboi carti weeknd jit shit ooh yeah shorti wanna wanna hit wanna hit hard main doubleo bust watch timeless timeless son rick pull gun hip pocket hold twentytwo clip break heart comm garçon shirt blimp bitch stain readi lick jit knеw shit singin song wanna diе lit tryna hit hous bank deposit bitch posit check smile play shit check uh ice neck doubleo wrist scat cat fresh trench pack uh yeah spinnin pari uh dress hoe finna flock pour soda pop drug finna hit feelin wrestlin demon feel rock likechoru weeknd playboi carti shit uh yeah kid legit jit ooh nah cut wrist dumb bit xo tat bodi yeah yeah wanna roll mind yeah jit legit ooh nah uh wanna yeah doubleo tat bodi yeah matter timeless yeah schyeah weeknd playboi carti citi comin sky yeah dome play day yeah gonna hurt feel skateboard bbc boy creep feel neptun drum beam yeah hippieflippin bean wanna fuck team fell love cream yeah fell love scene ooh yeah quiet peep nah broke heart ptsd nah hold chest breath breath nigga scheme priest cross send god tear pray loss ooh yeah yeah weeknd playboi carti kid legit homixid homixid homixid cut wrist xo tat bodi yeah bodi yeah wanna roll mind yeah jit legit yeah ooh nah wanna nah doubleo tat bodi yeah bodi yeah matter timeless outro weeknd playboi carti timeless timeless timeless timeless timeless timeless timeless timeless timeless timeless yeah timeless timeless yeah timeless timeless timeless blatt yuh litemb
13,Too Sweet,Hozier,"['Soul Rock', 'Pop-Rock', 'Adult Contemporary', 'Soul Pop', 'Adult Alternative', 'Soul', 'Alternative', 'In English', 'Ireland', 'Alternative Rock', 'Rock']",bird oclock word babi sleep tellin live bed daylight wake sunris gotta pretend babi prechoru wanna wake dark lake smellin bonfir lost haze drunk life babe whiskey neat coffe black bed sweet sweet whiskеi neat coffe black bed sweet mе sweet hozier liveget ticket likepostchoru ooh ooh ooh ooh aim aim true ground late phone job worri live babe treat mouth heaven gate rest tsa babe wrong prechoru bright morn soft rain pretti vine sweet grape sit barrel wait day whiskey neat coffe black bed sweet sweet whiskey neat coffe black bed sweet sweet postchoru woah woah woah woah woah woah woah woah outro whiskey neat coffe black bed sweet sweet meemb
14,Million Dollar Baby,Tommy Richman,"['USA', 'In English', 'Trap', 'R&B']",babi babi babi babi babi babi babi babi rep set babi tsk tsk wrong clean wrong wanna badli milliondollar babi yeah yeah yeah rep citi damn notic sound yeah yeah neck yeah yeah run check yeah yeah yeah yeah bad lil mama diva matter friend friend queen gambit yeah yeah friend pick energi matter move babi lie night chang stay lose mind ooh citi ooh likechoru rep set babi wrong clean wrong wanna badli milliondollar babi rep set babi wrong clean wrong wanna badli milliondollar babi outro nah yeah babi babi babi babi nah yeah nah nahemb
15,Hot To Go!,Chappell Roan,"['LGBTQ+', 'Alternative Pop', 'Synth-Pop', 'Alternative Dance', 'Dance-Pop', 'Singer-Songwriter', 'USA', 'In English', 'Pop']",addict head nonfict citi blame girl hot pretti refrain babi beat danc ninetynin degre prechoru hottogo snap clap touch toe rais hand bodi roll danc hot hottogo snap clap touch toe rais hand bodi roll hottogo likechoru hottogo hot hottogo hot woke stare cеile care hurt feel stare comе touch damn hot minut refrain babi beat sleep ninetynin degre prechoru hottogo snap clap touch toe rais hand bodi roll danc hot hottogo snap clap touch toe rais hand bodi roll hottogo hottogo hot hottogo hot bridg bring hurri time supper hot hurri cold hurri time supper hot hottogo hot yeah hottogo hot hot hottogo hot yeah hottogo hot outro whew hot hot woo come hot cabemb
16,Lies Lies Lies,Morgan Wallen,"['Ballad', 'In English', 'USA', 'Country']",sun hate mornin bodi runnin head bottl bourbon bed reach touch girl tonight nothin lie lie lie eye eye eye fool nothin lie lie lie girl downhil dive habit hard heartbreak hard break lie liе lie yeah babi givе damn bet missin bad snowbal phone soundin somethin stupid babi truth proof tellin likechoru lie lie lie eye eye eye fool nothin lie lie lie girl downhil dive habit hard heartbreak hard break lie lie lyin sayin honest sayin prechoru sun hate mornin nothin lie lie lie eye eye eye fool nothin lie lie lie girl downhil dive habit hard heartbreak hard break lie lie lie outro lie lie liesemb
17,I Am Not Okay,Jelly Roll,"['USA', 'In English', 'Ballad', 'Mental Health', 'Country']",bare lose track day lose sleep night hang rail fine learn hide hold life god gonna alright gonna alright woke stay bed devil voic head day bad day wors day swear layin dirt jelli roll liveget ticket likechoru hold life god gonna alright wеre gonna alright gonna gonna bе bridg day painll wash holi water tide gonna alright hold life god gonna alright gonna alright gonna alrightemb
18,Miles On It,Marshmello & Kane Brown,"['In English', 'USA', 'EDM', 'House', 'Electronic', 'Pop', 'Dance', 'Country Pop', 'Dance-Pop', 'Country']",kane brown truck lift road tearin wheel innoc hitch seat histori fake chang kane brown girl mile chevi engin runnin truck bed wide california king break mile chevi engin runnin truck bed wide california king wе break milе break kane brown night brake tail gate gotta hard babi push start torqu speed offroad fast foot touch ga hey babi slow fun likechoru kane brown yeah mile chevi engin runnin truck bed wide california king break mile break mile break bridg kane brown mile mile mile mile night radio dial shoulder shoulder goin goin kane brown puttin mile chevi engin runnin truck bed wide california king break mile chevi engin runnin truck bed wide california king break mile break mile break mile itemb
19,Ain't No Love In Oklahoma,Luke Combs,"['Soundtrack', 'In English', 'USA', 'Country']",chase devil deadend highway ride storm run vein shot tailspun airplan scare scare death breath catch breath chase devil deadend highway love oklahoma whistl black train come ya ride wind rain save red river red river tryna drown knock stand ground fall run stand pray peac thе thrill chase devil samе deadend highway luke comb liveget ticket likechoru love oklahoma whistl black train come ya ride wind rain love oklahoma whistl black train come ya ride wind rain love oklahoma whistl black train come ya ride wind rainemb
20,Cowgirls,Morgan Wallen Featuring ERNEST,"['In English', 'USA', 'Duet', 'Alternative R&B', 'R&B', 'Country Pop', 'Country']",morgan wallen set field cuttin pastur fallin leav cold heart warm smile cut cloth kinda buck wild bit angel lotta outlaw troubl yall morgan wallen live cowgirl gonna settl girl leav lone ghost town sun rise rodeo night love mustang hand thеm giddyup rein hole heart somе aim goodby ride fine kinda live cowgirl yeah live cowgirl ernest hate love kiss tast whiskey wake leav heart broken holdin smokin gun guess wild hors em likechoru ernest live cowgirl gonna settl girl leav lone ghost town sun rise rodeo night love mustang hand giddyup rein hole heart aim goodby ride fine kinda live cowgirl yeah live cowgirl bridg morgan wallen cowgirl wanna lay girl wild lovin god sake morgan wallen morgan wallen ernest live cowgirl gonna settl girl leav lone ghost town sun rise rodeo night love mustang hand giddyup rein hole heart aim goodby ride fine kinda live cowgirl yeah live cowgirl outro morgan wallen live cowgirl yeah live cowgirlsemb
21,Bed Chem,Sabrina Carpenter,"['Soul Pop', 'Dance', 'Dance-Pop', 'Contemporary R&B', 'Synth-Pop', 'Alternative R&B', 'Alternative Pop', 'Funk', 'Funk-Pop', 'Bubblegum Pop', 'Pop-R&B', 'R&B', 'Singer-Songwriter', 'In English', 'USA', 'Pop']",sheer dress day met rush talk friend hit connect odd send manifest overs digress scrollin breath goin prechoru ooh cute boy white jacket accent ooh head bеt bеd chem pick pull em sens talk sweet doin bad bed bed chem chem lookin yeah obsess week bet sabrina carpent liveget ticket likevers camaraderi time zone wanna art uponeth mind fulfil propheci prechoru ooh cute guy wide blue eye bad ooh sound bit redund bet bed chem pick pull em sens sens talk sweet doin bad bad bed chem bed chem lookin yeah obsess obsess week bet bed chem bridg bet arriv time bed chem bet thermostat set sixnin bedb chchem bet head pick pull em ooh sens sens talk sweet doin bad bed chem bed chem lookin yeah obsess obsess week week bet outro ha ha nonono ha ha nonono ha ha yeah yeah nonono ha ha ooh babi fadeoutemb
22,Austin,Dasha,"['Country Pop', 'In English', 'USA', 'Country']",plan town babi west sand talk pack car bring guitar jane smokin dawn queue song goin wait porch ya sat morn hunch gut snuck can damn shit pack boot workin truck break truck break burn money damn lost goodby caus whiskey flowin fight fight nerv alibi alibi forgotten drunk wash austin bluff believin month plan leavin happen bad habit batshit love tragic ohoh likechoru boot workin truck break truck break burn money damn lost goodby caus whiskey flowin fight fight nerv alibi alibi forgotten drunk wash austin refrain truck break outemb
23,Pink Skies,Zach Bryan,"['Adult Alternative', 'Alternative Country', 'Folk', 'Red Dirt', 'Americana', 'Singer-Songwriter', 'USA', 'In English', 'Country']",kid town funer pack car dri eye plenti blood left em plenti night pink sky taught em enjoy clean hous drawer mop floor stand tall mention inch scrape doorfram tipto em they yuppiе funer beauti bet god hеard comin kid town funer grass smell day broke arm swingin kid river bail jesu livin em they yuppi funer beauti bet god heard comin zach bryan liveget ticket likeinterlud strum em they yuppi funer beauti bet god heard comin outro kid town funer pack car dri eye plenti blood left em plenti night pink sky taught em enjoyemb
24,The Door,Teddy Swims,"['Adult Alternative', 'Soul', 'Alternative R&B', 'R&B', 'Soul Pop', 'USA', 'In English', 'Pop']",favorit book sold lie taught languag speak babi dug grave watchin flew ooh time chanc babi prechoru thinkin late night runnin friend pickin piec soul floor die babi pain willin tonight save life door wanna lose babi play gamе kill tonight save lifе door teddi swim liveget ticket likevers day look eye pull rug saniti babi prechoru thinkin late night runnin friend pickin piec soul floor die babi pain willin tonight save life door wanna lose babi game kill tonight save life door postchoru door door tonight save life die babi pain willin tonight save life door wanna lose babi wanna lose babi game kill kill tonight save life door outro mmmmmm woah ohemb
25,Who,Jimin,"['K-Pop (케이팝)', 'In English', 'South Korea (대한민국)', 'Genius Korea', 'Pop']",met night met mind wanna heart wait day yeah day life prechoru peopl peopl love nevеr met night nevеr met mind wanna heart wait count likeprechoru peopl peopl love met night met mind wanna heart wait day mile wanna heart wait bridg heart heart wait heart heart wait heart heart wait heart wait met night met mind wanna heart wait day mile wanna heart wait foremb
26,Kehlani,Jordan Adetunji,"['UK Drill', 'UK Rap', 'UK', 'Ireland', 'In English', 'Irish Rap', 'Irish Drill', 'Northern Ireland', 'Drill', 'Rap']",summer walker wock potenti potenti jordan adetunji bodi obviou confid karma likelik kehlani uhhuh bad kehlani uhhuh parti uhhuh parti bout bout start uh uh water tyla uh romani rebecca serena selena start choir uh bag inspir huh jordan adetunj ima add ima givе band ima add avenuе bad bad babi savag disrespect gladli shoot uhhuh play care addict jordan adetunj bodi obviou confid karma likelik kehlani uhhuh bad kehlani uhhuh parti uhhuh parti bout bout start uh uh uhhuh water tyla uh uhhuh romani rebecca serena selena start choir uh bag inspir huh likevers jordan adetunj babi movi movi seduc uhhuh choosi uh clap fast play bout jordan adetunj bodi obviou confid karma likelik kehlani uhhuh bad kehlani uhhuh parti uhhuh parti bout bout start uh uh water tyla uh romani rebecca serena selena start choir uh bag inspir huh outro summer walker youemb
27,Stargazing,Myles Smith,"['Pop-Rock', 'Folk Pop', 'Singer-Songwriter', 'UK Pop', 'UK', 'In English', 'Folk', 'Pop']",oohooh oohooh oohooh time stood photograph feel lookin eye life prechoru promis hold close hey heart break love bone time wast stargazin intertwinin soul stranger therе lose mind alivе feel lost wanna likeprechoru promis hold close hey heart break love bone time wast stargazin intertwinin soul stranger bridg oohooh oohooh oohooh oohooh oohooh oohooh heart break love bone time wast alongemb
28,Wildflower,Billie Eilish,"['Folk', 'Slowcore', 'R&B', 'Alternative R&B', 'Chillout', 'Lounge', 'Pop', 'Ballad', 'Folk Pop', 'Acoustic', 'Alternative Pop', 'Alternative', 'USA', 'In English']",fall time break heart girl fell love prechoru cryin shoulder hold closer juli love remind mind time fever burn aliv sign cross hmm life move fast life move fast happi leather happi billi eilish liveget ticket likeprechoru love love remind remind wanna babi mind mind time time feel fever fever burn aliv burn aliv sign cross bridg time touch valentin day cryin hotel hurt mind eye outro time touch valentin day cryin hotel hurt myselfemb
29,Pour Me A Drink,Post Malone Featuring Blake Shelton,"['Duet', 'USA', 'In English', 'Country Pop', 'Pop', 'Country']",post malon hour goin mind dalla drop game overtim caught ticket speedin goin blake shelton guess mess babi goner tulsa wind judgin stonesob crack wide post malon pour drink bum smoke bout buzz bout roll yeah breakin keepin jones yall yall friday paid slide hear callin hey postchoru post malon pour drink pour drink post malon blake shelton bourbonbrown eye tryna drunk stoppin bottl job hey mightv futur love buddi post malon liveget ticket likechoru blake shelton pour drink bum smoke bout buzz bout roll yeah breakin keepin jones yall yeah yall friday paid slide hear callin hey postchoru blake shelton pour drink pour drink bridg post malon ooh ooh ooh post malon blake shelton pour drink bum smoke bout buzz bout roll yeah breakin keepin jones yall yeah yall friday paid slide hear callin hey postchoru post malon blake shelton pour drink pour drink yeah pour drink outro post malon blake shelton hey sir pour drink buddi pour drinkemb
30,You Look Like You Love Me,Ella Langley Featuring Riley Green,['Pop'],ella langley twentytwo time road lone night huh mind walk cowboy hat boot glass sawdust floor huh move nothin walk pull hand beer look eye babi gonna wanna hear told ella langley excus love babi blame lookin drunk readi leavе love riley green wеll local beer joint guy cute countri girl caught eye boy prettiest pair boot walk hand beer outta realiz cowboy dream true told likechoru ella langley riley green ella langley excus love babi blame lookin drunk readi leav love alright instrument break bridg ella langley cowboy hat wast time ella langley ella langley riley green excus love babi blame lookin drunk readi leav love drunk readi leav love meemb
31,"I Love You, I'm Sorry",Gracie Abrams,"['Alternative Pop', 'Alternative', 'Folk Pop', 'Chamber Folk', 'Ballad', 'Singer-Songwriter', 'In English', 'USA', 'Pop']",august told truth benz gate charm peopl train aim paid life slam door close trust love summer talk cool boat plane drink wist lean window watch sun set lake feel real life push luck thank send kill love graci abram liveget ticket likebridg worst sick sound love dick habit kick ageold curs tend laugh sad stare crash amend shit wrong wrong life joyrid road lay horn prove haunt wrong wrong love life worst sick sound love wanna speak code dick habit kick ageold curs hope tend laugh sad stare crash love sorryemb
32,TGIF,GloRilla,"['USA', 'Hip-Hop', 'Dirty South', 'Southern Rap', 'Memphis Rap', 'In English', 'Trap', 'Rap']",glorilla gang gang huh uh uh uh chaii hard ayi friday yup ninetyf degre woo nigga nigga bout ass baow nigga love freak uh fuck huh fuck ayi refrain turnt nigga ayi turnt bitch ayi turnt yeah cuzzo blicki ayi fan danc huh hater kiss ass mwah turnt nigga ayi turnt bitch ayi turnt yeah cuzzo ayi cuh hen yeah gettin fuck twin backwood bankrol band twitter typin bitch nothin weak ass crop biker short showin moos knuckl woo feelin yeah outsidе bae uhhuh brownskin nigga dread blackass nigga wave lеt ayi gon drop neck ayi love sex ayi fake nail bitch press ayi damnnear wreck ayi pussi fresh ayi yeezi shirt wet ayi smoke ayi ho chest fuck glorilla liveget ticket likerefrain turnt nigga ayi turnt bitch ayi turnt yeah cuzzo blicki ayi fan danc huh hater kiss ass mwah friday yup ninetyf degre woo nigga nigga bout ass baow nigga love freak huh fuck huh eww friday night hot hoe manipedi fresh set toe pff rockin offwhit hey night uhhuh bitch pretti yeah fight yeah ayi fuck inch sixthirteen hey lookin fine woah tryna duh finna wreck scene huh hey turnt nigga nem watch refrain turnt nigga ayi turnt bitch ayi turnt yeah cuzzo blick ayi fan danc huh hater kiss ass mwah friday yup ninetyf degre woo nigga nigga bout ass baow nigga love freak eww fuck huh outro ew ew ew ew ew ewemb
33,Sailor Song,Gigi Perez,"['USA', 'In English', 'LGBTQ+', 'Independent', 'Alternative', 'Pop']",rightest ann hathaway laugh hit pen cough cough knee beg babi kiss mouth love sailor tast flavor god savior mom worri cover favor dirti forget wrong sleep hate wait sleep hate wait finger mouth captur sting venom gonna spit kiss mouth love sailor tast flavor god savior worri drip favor dirti forget wrong sleep hate wait sleep hate wait likeoutro wall hous cat babi mous laugh wanna sit outemb
34,I Can Do It With A Broken Heart,Taylor Swift,"['Electro House', 'House', 'Dance', 'Nu Disco', 'Dance-Pop', 'Electro-Pop', 'Electronic', 'Synth-Pop', 'Singer-Songwriter', 'USA', 'In English', 'Pop']",read mind time life glitter prime light refract sequin star silhouett night lie prechoru real tough kid handl shit babe gotta fake light camera bitch smile wanna die love life life short break hit floor piеc shatterеd crowd chant grinnin winnin hittin mark broken heart depress birthday day obsess avoid plagu lot product art broken heart taylor swift liveget ticket likevers hold breath doin left find drawer crucial evid imagin pass prechoru real tough kid handl shit babe gotta fake light camera bitch smile stiletto mile love time time short break hit floor piec shatter crowd chant grinnin winnin hittin mark broken heart depress birthday day obsess avoid avoid plagu lot product art broken heart outro broken heart miser haha jobemb
35,Saturn,SZA,"['Pop', 'Dream Pop', 'Alternative Pop', 'Pop-R&B', 'USA', 'In English', 'Psychedelic Soul', 'Alternative R&B', 'R&B']",univers nois nois sign sign life lose love repeat pain hate prechoru stuck paradigm paradis sick head intrus paralyzе nirvana advertis therе ooh ooh ooh life saturn break pattern float ooh ooh ooh worth save sza liveget ticket likepostchoru saturn matter dream saturn karma real unfair wrong reward die poor prechoru stuck terradom ooh terribl ooh hyster ooh sick head ooh intrus paralyz ooh nirvana advertis ooh ooh ooh ooh life saturn break pattern float ooh ooh ooh worth save postchoru saturn matter dream saturn outro ooh ooh ooh ooh ooh oohemb
36,It's Ok I'm Ok,Tate McRae,"['Pop-R&B', 'R&B', 'Electro-Pop', 'Dance-Pop', 'Canada', 'In English', 'Pop']",yeah uh excit lock mmh yeah movin prettyfac talker money close mother seein onesid side prechoru perfect version nervou babi hey posit hey babi twist hey nothin yeah yeah gotta tate mcrae liveget ticket likepostchoru romant romant fuck month flight prechoru perfect version nervou babi hey posit hey babi twist hey nothin gotta postchoru gotta postchoru outro girl girl girl girl yeah yeah girl girl yeah himemb
37,Pink Pony Club,Chappell Roan,"['LGBTQ+', 'Dance-Pop', 'Alternative Dance', 'Synthwave', 'Synth-Pop', 'Alternative', 'Art Pop', 'Ballad', 'Alternative Pop', 'Singer-Songwriter', 'USA', 'In English', 'Pop']",stay ignor crazi vision heard special boy girl queen singl day prechoru wick dream leav tennesse hear santa monica swear call mama gonna scene babi girl gonna scream god pink poni girl danc club mama fun stage heel belong pink poni club gonna danc pink poni club gonna danc west hollywood gonna danc pink poni club pink poni club likevers jaw floor lover bathroom door black light mirror disco ball night reason left prechoru wick dream tennesse santa monica mama gonna scene babi girl gonna scream god pink poni girl danc club mama fun stage heel belong pink poni club gonna danc pink poni club gonna danc west hollywood gonna danc pink poni club pink poni club bridg left love tennesse mind mama saturday hear southern drawl mile god pink poni girl danc club mama fun stage heel belong pink poni club gonna danc pink poni club gonna danc west hollywood gonna danc pink poni club pink poni club outro gonna danc gonna dancingemb
38,Like That,"Future, Metro Boomin & Kendrick Lamar","['Southern Rap', 'Diss Track', 'Hardcore Rap', 'USA', 'In English', 'Hip-Hop', 'Atlanta Rap', 'Trap', 'Rap']",futur gotta joint bitch metro metro metro time yeah futur stickin code hoe street nose gon pussi leak pussi nigga told gon wake sleep hear switch hear nigga scream hoe shroom nigga hoe coke twentycarat finger throat uh uh uh lose carat choke uh uh uh gon swallow goat uh uh uh freeband nigga bring rack shooter corner pack exot bitch attract shitll brrt motto ball championship game hoe hungri gon fuck gang fuck chain girl bitch twirlin dick syrup bitch bitch brought erc bitch murk bitch pointer babi game time bring friend bitch fuck em time nigga lil yeah likechoru futur dope dealer sellin dope kickin door kickin door yeah throw nigga sellin load yeah nigga steppin balenc pop bottl postchoru michel thug kendrick lamar futur nigga talkin neck pull coffin mouth paranoid threat ayyayi bro dot money power respect lot goofi check hope sentiment symbol tempera bipolar choos violenc time prove nigga clickin legit water em yeah huh yeah fuck sneak dissin firstperson shooter hope switch crash fuck rap diss mell mel teez snatchin chain burnin tattoo lost soldier play safe walk stick andré drop locat ptsd motherfuck nigga nigga bum light pack nigga princ outliv mike jack nigga bum fore dog gettin buri nine gon pet sematari yeah nigga bum futur kendrick lamar dope dealer sellin dope yeah yeah kickin door kickin door yeah throw nigga sellin load holi water holi water yeah nigga steppin balenc pop bottl postchoru michel thug instrument break futur dope dealer sellin dope kickin door kickin door throw nigga sellin load nigga steppin balenc pop bottl postchoru michel thug outro futur bang dope nigga slangin powder walk strip club rain hour lock phantom driver percd chanc hood nevada surf white interior lasagna thousand cash design gotta devour nigga learn jungl sell load weekemb
39,Si Antes Te Hubiera Conocido,Karol G,"['Merengue', 'Colombia', 'En Español', 'Latin Pop', 'Latin Urban', 'Latin Music', 'Pop']",lyricsletra ant te hubiera conocido intro qué lo estamo rulay empezó el verano fuego coro qué hubiera sido ant te hubiera conocido segurament estaría bailando esta conmigo como amigo postcoro sino como otra cosa ust cerca pone peligrosa por besito hago cualquier cosa novia suya pone celosa aunqu hermosa ey precoro te tratar como yo te besar como yo está tan rica así como yo ella tímida yo esta gana tengo yo atrevo comerm lo hoy está jangueando ella pero mmm despué tal vez likecoro qué hubiera sido ant te hubiera conocido segurament estaría bailando esta conmigo como amigo ey qué hubiera sido ay ant te hubiera conocido segurament estaría bailando esta conmigo como amigo ey verso yo te veo sé cómo actuar bebé conquistart pasen el manual espero lo sea yo voy quitar tengo fe eso ojito día van mirar yo caso contigo mi nombr suena bien tu apellido toy esperando el primer descuido presentart como mi marido yo caso contigo mi nombr suena bien tu apellido toy esperando el primer descuido presentart como mi marido entendido precoro te tratar como yo te besar como yo está tan rica así como yo ella tímida yo esta gana tengo yo atrevo comerm lo hoy está jangueando ella pero mmm despué tal vez coro qué hubiera sido ant te hubiera conocido ey cómo segurament estaría bailando esta conmigo como amigo ey ey ey ey qué hubiera sido ant te hubiera conocido chiquichá chiquichá chiquichá chiquichá jaja uhuhuhuh qué hubiera sido ant te hubiera conocidoemb
40,High Road,Koe Wetzel & Jessie Murph,"['USA', 'In English', 'Country']",koe wetzel mad surpris day met cut bleed rumor yell fight mind drive koe wetzel ima road stone terribl ima cool walk mess time ticket shit knock hit ima road road road jessi murph wanna talk boy surprisе smell likе liquor night catch gon catch hear rumor yell fight mind drive likechoru koe wetzel jessi murph ima road stone terribl ima cool walk mess time ticket shit knock hit ima road road road whoa whoa instrument break koe wetzel jessi murph ima road stone terribl ima cool walk mess time ticket shit knock hit ima road road road ima road road road yeah yeah mmemb
41,Dancing In The Flames,The Weeknd,"['Pop-R&B', 'Synthwave', 'Latin Freestyle EDM', 'Progressive Trance', 'EDM', 'Trance', 'New Wave (Rock)', 'Synth-Pop', 'Canada', 'In English', 'Dark R&B', 'R&B', 'Pop']",yeah traffic die racin melt light cover road hope chasin odyssey wait crash switchin lane love pain brake dancin flame indescrib postchoru ooh yeah heal radio grab wheel control dodgin headlight hold tight odyssey hey weeknd liveget ticket likechoru wait crash switchin lane love pain brake dancin flame indescrib postchoru ooh indescrib ooh bridg everyth fade bare fire ragin beauti amazin tast final odyssey wait wait ha crash switchin lane love pain hey brake dancin flame dancin flame faith faith indescrib postchoru ooh indescrib hey ooh indescribableemb
42,28,Zach Bryan,"['In English', 'USA', 'Country']",train south boston stay twentyeight blood lost feel love birthday somethin tonight west bar brooklyn tear outlin lucki week grown smoke seepin bloodi teeth upstair guitar bare fourteen mcglinchеi crowd thе crowd damn green lost mind street citi lost hope twentyeight blood pumpin even zach bryan liveget ticket likechoru lucki week grown smoke seepin bar street lucki week grown smoke seepin bar street outro train south boston heart stay twentyeight blood pumpin feel love birthdayemb
43,Wind Up Missin' You,Tucker Wetmore,"['In English', 'USA', 'Country']",ball cap bar stool pbr light sayin moon arm tonight heard time girl wave sunset crash night wine truck bed doin rest life lookin girl hard truth night gonna wind missin gotta babi boy daddi fall love kinda boy dumb shit yeah bet heard stori lookin likechoru wave sunset crash night wine truck bed doin rest life lookin girl hard truth night gonna wind missin bridg missin mornin wave sunset crash night wine truck bed doin rest life lookin girl hard truth night gonna wind missin outro wind missin wind missin youemb
44,Good Graces,Sabrina Carpenter,"['Alternative', 'Pop-R&B', 'Alternative R&B', 'R&B', 'Singer-Songwriter', 'In English', 'USA', 'Pop']",fuck fuck love sweet angel drawin heart name dreamin write vow rockin cradl mistak nice naiv prechoru wast lot guy somethin suspect cute ass byeby ooh babi advic boy complic stay grace switch fast amazin turnin lovin hatr boy complic stay grace switch fast fast amazin turnin lovin hatr sabrina carpent liveget ticket likepostchoru fuck fuck fuck cool fuck fuck fuck yeah finish chore prematur break heart swear movin favorit athlet shoot shot night prechoru guy somethin su kiss cute ass bye boy complic stay grace switch fast amazin amazin turnin lovin hatr boy complic stay grace switch fast fast amazin turnin lovin hatr postchoru fuck fuck fuck fuck fuck fuck outro fuck fuck wontemb
45,Juno,Sabrina Carpenter,"['Pop-Rock', 'Rock', 'Dance-Pop', 'Dance', 'Funk', 'Funk-Pop', 'Synth-Pop', 'Alternative Pop', 'Alternative', 'Bubblegum Pop', 'Singer-Songwriter', 'In English', 'USA', 'Pop']",ooh ahah ooh hot ass yeah packag babe fit god bless dad genet uh prechoru wanna fall love late night think bout ahah wanna fuzzi pink handcuff hear knockin babi touch life love juno lock tonight cute babi wanna fall love friend highfiv ahah feel objеctifi ahah hormonе butterfli sabrina carpent liveget ticket likeprechoru wanna fall love late night think bout ahah wanna freaki posit touch life love juno lock tonight cute babi wanna fall love bridg ador hold explor mark territori ahah ahah ador hold explor ahah fuckin horni guitar solo oohooh touch life love juno lock tonight cute babi wanna fall loveemb
46,Slow It Down,Benson Boone,"['In English', 'USA', 'Pop']",met invit parti walk green eye stolen flicker futur moment pictur touch talk staircas bout dream screen georgia lone citi lyin scare movin cri piec love jesu feel hate reason prechoru head spin slow moment drown deep dirti water hopeless doubt pull hold slow benson boon liveget ticket likevers funni futur rearrang nervou anxiou love danger lose girl left mother love hate prechoru head slow moment drown deep dirti water hopeless doubt pull hold slow breakdown slow ground cri slow slow spin head outro oohoohooh oohooh slow downemb
47,La Patrulla,Peso Pluma & Neton Vega,"['En Español', 'Regional Mexicano', 'México', 'Corrido', 'Latin Pop', 'Latin Urban', 'Latin Music', 'Pop']",lyricsletra patrulla verso neton vega peso pluma miren quién lo pensaría el muchacho fue arriba le sobra calidad varia ha librado andando en patrulla la gana superarm por la noch perturban sigo siendo el mismo solo cambi lo plane lo medio zumban repent vamo rumba porqu hoy pued hacer lo gusta lo dobl cara caen en punta lo peor del caso eso abundan coro peso pluma muero tú está véngase acá mi nena mamá véngase márquem mi celular te quiero acariciar tu pelo rozar interludio peso pluma neton vega así nomá compa neton sepan viejo así suena dobl viejillo jálese greña verso peso pluma todo le aprendido viejo bien firm bandera prohibido decir nombr da vuelta mundo en jet despega sient el peligro glock desenfunda digo el nombr por preguntan uno uva aquí voa prender varia ha librado andando en patrulla likecoro neton vega muero tú está véngase acá mi nena mamá llámame márcame mi celular te quiero acariciar tu pelo rozaremb
48,Mamushi,Megan Thee Stallion Featuring Yuki Chiba,"['Genius Japan', 'Hip-Hop', 'Japanese', 'J-Rap', 'Japan', 'Trap', 'Southern Rap', 'Dirty South', 'Texas Rap', 'USA', 'In English', 'Rap']",lyricsミーガンザスタリオンmamushift 千葉雄喜 歌詞 intro megan thee stallion 千葉雄喜 koshi アッツー 私は スター スター ミーガン 雄喜 千葉 megan thee stallion 千葉雄喜 megan thee stallion 千葉雄喜 money star star star star star star star money star star star star star star star お金 稼ぐ 俺らは スター お金 稼ぐ 私は スター スタースタースタースターキラキラ 私は スター real hot girl shit megan thee stallion stack tetri money game 私可愛い いい体 drinkin bottl gettin twist maruchan exot hermè croc hmm watch expens gettin clock hmm sexi shirt crop hmm carat diamond bunni hop japan meet gon bow yen friend pretti bring em goin dumb madam woo pourin sake mouth told plate bring chopstick south likechoru megan thee stallion 千葉雄喜 megan thee stallion 千葉雄喜 gеt money star star star star star star star money star star star star star star star お金 稼ぐ 俺らは スター お金 稼ぐ 私は スター スタースタースタースターキラキラ 私は スター 千葉雄喜 流れる 星たち どこに向かう また 願い叶えながら暮らす ジュエリー身につけたまま歌う スター達が集まったスタジオ 夜な夜な酒たくさん並ぶアジト さっきまで六本木で収録ラジオ そっからテレビ撮影するはしご カメラたち追いかけてる俺たちを 大好きピカピカのダイヤ 暗いとこ輝いてる毎晩 nicе meet する挨拶 happi ありがたいな megan thee stallion 千葉雄喜 megan thee stallion 千葉雄喜 money star star star star star star star money star star star star star star star お金 稼ぐ 俺らは スター お金 稼ぐ 私は スター スタースタースタースターキラキラ 私は スターemb
49,"Love You, Miss You, Mean It",Luke Bryan,"['USA', 'In English', 'Country']",smalltown meant momma love daddi love burn road hous kiss driveway time hit highway call goodnight time love boy dreamin wait feel hold countin minut climbin wall kiss love babi graduat uga callin mile nothin fall time call happen love girl dreamin wait feel hold countin minut climbin wall kiss love babi yeah woo uh luke bryan liveget ticket likebridg forget late night blue phone lit heart love meant dreamin wanna feel hold countin minut climbin wall kiss love babi outro love love babi love love babyemb
50,360,Charli xcx,"['England', 'Hyperpop', 'Pop Rap', 'EDM', 'Bubblegum Bass', 'Dance-Pop', 'Electro-Pop', 'Electronic', 'UK Pop', 'UK', 'In English', 'Pop']",favorit refer babi gabbriett inspir tecton move em shock defibril style relat prechoru drop yeah camera flash stylish babi tee drop yeah lookin icon angl yeah yeah mirror mirror julia ahah parti bbbumpin beat princess streak julia ahah charli xcx liveget ticket likepostchoru bumpin bumpin bumpin citi sewer slut vibe intern recogn set tone design stuck mind legaci undeb gon jump love hate fuck care prechoru drop yeah camera flash stylish babi tee drop yeah lookin icon angl yeah yeah mirror mirror julia ahah parti bbbumpin beat princess streak julia ahah outro bumpin bumpin bumpin ahah bumpin bumpin bumpin ahah ahemb
51,Dos Dias,Tito Double P & Peso Pluma,"['En Español', 'México', 'Regional Mexicano', 'Corrido', 'Latin Pop', 'Latin Urban', 'Latin Music', 'Pop']",lyricsletra do día intro tito doubl do tre do tre verso peso pluma tito doubl uno trago panza ese periquito neta nomá baja ando atravesado porqu dice qué pasa do día enojada do día habla otra tu payasada yo aquí lo pana tú siempr exagerada cuando dice te quiero mija nomá te creo nada todo lo planeaba fue chingada coro peso pluma tito doubl mira en qué convertí encantan la paca mama el dinero babi yo te lo advertí estando solito yo era cagadero fui yo sino por ti quе hice adicto andar en еsta loquera guacha lo conseguí chingo culo uno llena likeinterludio tito doubl peso pluma ay mamá tito doubl así suena puta dobl compa tito ayayay chau verso peso pluma tito doubl el polvo ya pasa contesta media mi niña ya dime qué tranza acordé la noch chingamo allá en tu sala pue pasé por tu casa saludé tu mamá coro peso pluma tito doubl mira en qué convertí encantan la paca mama el dinero babi yo te lo advertí estando solito yo era cagadero fui yo sino por ti hice adicto andar en esta loquera guacha lo conseguí chingo culo uno llenaemb
52,Or What?,NLE Choppa & 41,"['In English', 'USA', 'Hip-Hop', 'Southern Rap', 'New York Drill', 'New York Rap', 'Jersey Club', 'Gangsta Rap', 'Trap', 'Memphis Rap', 'Rap']",kyle richh nle choppa emrld fuck bitch fuckin damn ayi ayi ayi ayi ayi ayi ayi ayi nut butt damn ayi ayi ayi ayi ayi ayi ayi ayi fuck kyle richh fuckin tonight toe pussi tight ride dick bike beat pussi fight night scari movi wanna record watch hot ice babi type type jenn carter kyle richh nle choppa feel freddi night love dash hyphen spend time bitch timeless sick mе caught iti feel trav thе lay starlight fuckin gotta depart carter dickhead girl huggin cuddlin night fuckin grrah bang likevers tata tata nle choppa pretti hard solv riddl yeah touch jiggl drunk kiss fuckin tryna hip yeah brown skin joint dimpl light skin simpl dark slut time game fuckin kyle rich nle choppa ayi ayi ayi ayi ayi ayi ayi ayi nut butt ayi ayi ayi ayi ayi ayi ayi ayi phew nle choppa fuckin nother ho spot phew tryna tie bitch knot knot os pot wanna fuck ritz rich throwin fit throw dick throw sick love ratchet seat ride traffic twin glock matchin dad daddi thug love wanna drug pink pill bae fuckin ooh bridg nle choppa kyle richh bad bitch ooh ratchet nut butt ooh bad bitch wanna fuck love pill percocet love pill percocet fuck yeah kyle richh nle choppa ayi ayi ayi ayi ayi ayi ayi ayi nut butt fuck ayi ayi ayi ayi ayi ayi ayi ayi fuckemb
53,Help Me,Real Boston Richey,"['Southern Rap', 'East Coast Rap', 'In English', 'USA', 'Hip-Hop', 'Florida Rap', 'Gangsta Rap', 'Trap', 'Rap']",beggin shit gotta fight love shit mac fli nigga doe bah babi babi babi tryna life leav hoe pray god leav street thuggin shit gettin babi leav day hеart cold tire pipin thеse bitch shit provolon tryna digit time watch cracker bitch pickin fuck hoe bought fourteen acr stay mobil home bad bitch bodi count focu nigga career truth told fuck holm bad bitch takin bitch ballin nigga court laker wealthi nigga babi girl paper love trust paper wanna fuck real babi judg lie nigga stuck shit corrupt ima getback life trust nigga kick cut poppin bubbl nigga eye fuck hous stick lil bitch stuck real boston richey liveget ticket likevers lil bitch playin mind game tryna trick mindfram block bitch promis mind hellcat hit ga hear whine up pack talkin sign babi hit song guess time promis stay shit eye blind yeah told bitch cheatin cryin yeah shit time fuckin bitch told gettin mon yeah told fuckin bitch cum bought whip speak yeah cheat realest bitch love love trust paper wanna fuck real babi judg lie nigga stuck shit corrupt ima getback life trust nigga kick cut poppin bubbl nigga eye fuck hous stick lil bitch stuck meemb
54,Diet Pepsi,Addison Rae,"['Pop-R&B', 'Art Pop', 'Dark Pop', 'Adult Alternative', 'Alternative Pop', 'In English', 'USA', 'Pop']",boy winner love game lip reflect cross gold chain tell ass rip blue jean cheek red cherri spring bodi art die prechoru untouch xo lust drive car babi sweet lose innoc backseat love love love love lose innoc backsеat drive car babi sweet lose innocеnc backseat love love love love lose innoc backseat break rule caught fog window park lot summer love sexi sit lap sippin diet pepsi write lipstick chest leav mark likeprechoru untouch untouch xo xo lust drive car babi sweet lose innoc backseat love love love love lose innoc backseat drive car babi sweet lose innoc backseat love love love love lose innoc backseat bridg babi babi xo drive car babi sweet lose innoc backseat love love love love lose innoc backseat drive car babi sweet lose innoc backseat love love love love lose innoc backseat postchoru untouch lust xo goemb
55,Big Dawgs,Hanumankind X Kalmi,[],
56,Beautiful As You,Thomas Rhett,"['USA', 'In English', 'Country']",babi girl mind thinkin bout day met coulda layin lookin extra cute mornin lookin borin prechoru type peopl wishin sit flight list wanna wash island dream countin girl magazin mysteri beauti doin ridin swear girl anyonе choos askin question fore gеt leav beauti doin wakin gonna lie choos askin question fore leav beauti fall blue walkin sweater girl view spend rest treasurin ooh follow truth yeah thoma rhett liveget ticket likeprechoru type peopl wishin sit flight list wanna spend dream countin girl screen mysteri beauti doin ridin swear girl choos askin question fore leav beauti doin wakin gonna lie choos askin question fore leav bridg yeah yeah yeah yeah yeah yeah yeah yeah yeah yeah yeah yeah yeah yeah yeah yeah outro beauti doin wakin swear girl choos askin question fore leaveemb
57,Whiskey Whiskey,Moneybagg Yo Featuring Morgan Wallen,"['Hip-Hop', 'Gangsta Rap', 'Trap', 'Southern Rap', 'Memphis Rap', 'Country Rap', 'Country', 'In English', 'USA', 'Rap']",moneybagg yo shot love turbo haha doubl morgan wallen moneybagg yo whiskey whiskey day memori play tire tire wanna whiskey friend tire hey tire yeah speak moneybagg yo dark brown skin caught eye contact walkin walk perfect time lockin link rock lil salt rim fill fell del dia shot sin rack jean skinni plain richard mill squar busi boss club twosteppin diamond neck squaredanc gangster romant fiendin love addict ayi addict nothin nah countri motherfuck howdi howdi lil cowgirl ride stallion uh uh love tire bad likechoru morgan wallen moneybagg yo whiskey whiskey day memori play tire tire wanna whiskey friend tire tire morgan wallen hide shelf swear hard leav guess gonna tie cold pour ice lock whiskey wife hit gon night morgan wallen moneybagg yo whiskey whiskey day memori play tire tire wanna whiskey friend tire tire outro morgan wallen tire tire itemb
58,Houdini,Eminem,"['Pop', 'Pop Rap', 'Comedy', 'Midwest Rap', 'Hip-Hop', 'Detroit Rap', 'In English', 'USA', 'Rap']",lyricsskit paul rosenberg hey em paul uh listen album fuck luck intro eminem guess shadi friend guess guess guess guess guess guess guess dadada da da da da da da dadada da da da da eminem stork brung babi devil fork tongu stickin yeah sore thumb bleah forehead grew horn white jerk pullin chrysler cypher vic perc bud light shirt lyric technician electrician yall light gotta play pretend stay leav aspirin break feve megan thee stallion collab shot feat ha glad eminem liveget ticket likechoru eminem abraabracadabra trick bout reach bag bruh abraabracadabra trick poof bruh eminem day time dope fiend ate codein cope tast opiat oe smiley emoji shit age appropri ate hit particip trophi doubt world bout girl scout censorship bureau shut start start lightheart feel target mind bogglin profit skyrocket pocket yeah shit yall light joggin run speed noggin fight yall debat op whitechalkin step mic cock god eminem abraabracadabra trick bout reach bag bruh abraabracadabra trick poof bruh bridg eminem med shit shit gay happi eminem kid wanna bigger prick cacti sting attack bee coup lean seat bumpin kelli favorit black guy pee air max white walkin parent advisori transgend cat siames identifi black act chines motherfuckin hacki sack treat feet explain danger hop track kangaroo anger fuck shit ima shit cancel paul quit snakeass prick male crossdress fakeass bitch shit watch suck dick fuck fuck dre fuck jimmi fuck fuck fuck kid brat fuck em screwoff paul ball rupaul gon caught sleepin kidnappin happen sherri papini harri houdini vanish air leav eminem abraabracadabra trick bout reach bag bruh abraabracadabra trick poof bruhemb
59,Guess,Charli xcx Featuring Billie Eilish,"['Türkçe Çeviri', 'Pop']",lyricsguess featur billi eilish için türkçe şarkı sözleri giriş charli xcx hey billi orada mısın uhuh bölüm charli xcx iç çamaşırımın rengini tahmin etmek ister misin aşağıda neler döndürüyorum bilmek ister misin pemb rengind güzel mi yoksa transparan mı yeni alt sırt dövmemi gösteriyor ağzına tıkmak güney doğru çekmek istiyorsun olayı başlatmak istiyorsun işt bundan bahsediyorum aaaağzına tıkmak güney doğru çekmek istiyorsun olayı başlatmak istiyorsun işt bundan bahsediyorum evet nakarat charli xcx dene ısır yala tükür yana çek için gömül giy onları gönder bunları remiksini yapabilirim onları dare gönderdim evet tahmin ediyorum buna tamam gibi dene ısır yala tükür yana çek için gömül giy onları gönder bunları remiksini yapabilirim yemek niyetin evet lezizo sorunlarımızı çözelim likebölüm billi eilish iç çamaşırının rengini tahmin etmem gerek yok aşağıda neler döndürüyorsun zaten biliyorum küçük fiyonklu siyah dantelli olan çift tokyoda senin için seçtiklerim oturduğunda onları gördüm dışarı bakıyorlardı şimdi sana diyeceğim düşündüğüm tek şey onlar nakarat billi eilish dene ısır yala tükür yana çek için gömül öp ısır onları bir deneyebilir miyim charli erkeklerden hoşlanıyor ama çakacağımı biliyor çakacağımı biliyor charli buna tamamsan ara beni köprü charli xcx billi eilish charli xcx billi eilish evet tahmin tahmin tahmin tahmin tahmin tahmin tahmin tahmin tahmin tahmin tahmin tahmin tahmin tahmin tahmin tahmin tahmin tahmin tahmin tahmin tahmin tahmin tahmin tahmin tahmin tahmin tahmin tahmin tahmin tahmin tahmin tahmin çıkış charli xcx billi eilish charli xcx billi eilish billi ile hakkında mesajlaştığımızı bilmek ister misin saygısızca davrandın hâlâ googl driveımın şifresini tahmin etmey çalışıyorsun bana takıntılı mısın bulunduğumuz partinin adresini tahmin etmek ister misin gerçekten davetli değilsin bu şarkı hakkında ciddi olup olmadığımızı bilmek ister misinemb
60,Lonely Road,mgk & Jelly Roll,"['Country Pop', 'Country', 'Country Rock', 'In English', 'USA']",mgk lone road lone road mgk ima downtown time takin sunday life life coupl song rewrit yeah start monday pourin strong weeknight prechoru mgk hear devil wear prada read tag horn start showin mad wait couldv save crash trust love shе mgk castellow lone road takе wrong where ghost town likevers jelli roll mgk day feel night cold thousand mile ahahah alcohol hole prechoru jelli roll hear devil wear prada read tag horn start showin mad wait couldv save crash trust love jelli roll castellow lone road wrong where ghost town bridg mgk mgk lili balkcom jelli roll salvag soul sacrific life die palac leav wanna leav song hey mgk castellow jelli roll lone road lone road wrong where where ghost town outro mgk jelli roll lone road yeah road lone road feel lone road road lone road feel mmemb
61,Guy For That,Post Malone Featuring Luke Combs,"['Duet', 'USA', 'In English', 'Country Pop', 'Pop', 'Country']",post malon guy designin rifl mama boyfriend rebind bibl ricki road resol red wing guy damn lookin lookin post malon tire drive lose left neverlovin mind damn dime pretti breakin heart pickin piec hard searchin gonna build guy postchoru post malon guy guy guy luke comb vip mit lеt fli time machinе hand ap buddi post malon liveget ticket likechoru luke comb tire drive lose left neverlovin mind damn dime pretti breakin heart pick piec hard searchin gonna build guy postchoru luke comb post malon post malon luke comb guy guy guy guy guy guy guy guy guy thatemb
62,Nights Like This,The Kid LAROI,"['Chillout', 'Neo-Psychedelia', 'In English', 'Australia', 'Pop']",hold hand ash love casket feel maskin lay askin red wine kiss hous parent rent howd forget nothin night love heal soul night night night ooh ooh bridg night ooh ooh night love heal soul night night night likе ooh oohse kid laroi liveget ticket likeemb
63,Am I Okay?,Megan Moroney,"['In English', 'USA', 'Country']",check puls heart beatin exhal breathin feet ground someth chang playin black babi friend swear crazi god walk dream heaven funni smart love cryin dyin messin happi wanna stay god guy brought flower pick phonе hour thеi cheat lie sorta fight wait guy commun lookin heart break megan moroney liveget ticket likechoru god walk dream heaven funni smart love cryin dyin messin happi wanna stay god bridg feel sad song soundtrack feel god walk dream heaven funni smart love cryin dyin messin happi wanna stay god outro check puls heart beatin exhal breathinemb
64,Lil Demon,Future,"['In English', 'Atlanta Rap', 'Southern Rap', 'USA', 'Hip-Hop', 'Trap', 'Rap']",bitch princess cut lil demon lil demon cut fuck raidin church shit seein movin wrong clutch gang slime sharin slut slatt twin trappin platinum fuck budget lil demon lil demon cut fuck raidin church shit seein movin wrong clutch gang slime sharin slut cappin real rap trappin bag comin real ice sleev trappin bale gon sellin ki goin ferrari truck ship oversea freebandz chang quota ayi gang chasin pocket load inhalin dirti racki achoo shit sneez slime count money super learn read ayi gang yacht coast yeah yacht coast yeah cosa nostra gang readi vote skrrt skrrt push royc rover love vultur super yeah roach yeah nigga oath super respect pope gon doin wipe nostril snotti nose gon wipe nostril snotti nose gon wipe nostril cold woo yeah trappin yessirski yeah trappin yeah trap yeah trappin yeah trappin yeah trappin yessirski yeah money yeah money yeah money yeah money yeah money yeah money yeah money yessirski bale serv bale bale bale ayi serv bale bale prrt prrt ayi shell shell crook plutol cook likechoru bitch princess cut lil demon lil demon cut fuck raidin church shit seein movin wrong clutch gang slime sharin slut slatt twin trappin platinum fuck budget bitch princess cut lil demon lil demon cut fuck raidin church shit seein movin wrong clutch gang slime sharin slut slatt twin trappin platinum fuck budgetemb
65,I'm Gonna Love You,Cody Johnson & Carrie Underwood,"['Duet', 'USA', 'In English', 'Country']",codi johnson star gonna light midnight sky sun gonna burn fourth juli tide gonna pull moon gonna love carri underwood bird flyin south winter snow gonna fall river gonna april gonna rain flower gonna bloom gonna love codi johnson carri underwood hurt steadi true bibl heart skip thinkin bet babi lose codi johnson codi johnson carri underwood earth gonna shake runaway road gonna dead day feel cruel gonna love yeah interlud codi johnson carri underwood oohmmh likechoru codi johnson carri underwood hurt steadi true biblе heart skip thinkin bеt babi lose codi johnson carri underwood codi johnson carri underwood time gonna line cover hair gonna gray life gonna fli gonna love babi gonna love youemb
66,Shake Dat Ass (Twerk Song),BossMan Dlow,"['In English', 'USA', 'Hip-Hop', 'Gangsta Rap', 'Trap', 'Florida Rap', 'Rap']",uh yeah gettinmoneyass nigga chasin shit money liquor naw refere offici asscheek bouncin doubl dribbl ass perfect babi love bend twerk babi doin shit purpos babi pussi wetter water surf babi bitch love kick hous fourteen thuggin ate dick knee ugli fuck bitch muggin uh shit nothin play team comin ayi ass sit bunkb eat cornbread yeah yeah shit homemad knee ass mix patrón oj mix amiri dolc dior pior basic bitch nigga play spray bitch clean pic band pant lit pullin foreign truck percent ass natur gotta sit ass gon crash bout dick talkin somethin bae bend ass hikin somethin wanna fuck friend dykin somethin babi nike somethin talkin somethin bae bend ass hikin somethin wanna fuck friend dykin somethin babi nike somethin likechoru gettinmoneyass nigga chasin shit money liquor naw refere offici asscheek bouncin doubl dribbl ass perfect babi love bend twerk babi doin shit purpos babi pussi wetter water surf babi interlud ass perfect babi shit perfect babi love twerk babi shit perfect babi slow motion babi wanna bust babi ass perfect babi shit perfect babi gettinmoneyass nigga chasin shit money liquor naw refere offici asscheek bouncin doubl dribbl ass perfect babi love bend twerk babi doin shit purpos babi pussi wetter water surf babyemb
67,Red Wine Supernova,Chappell Roan,"['Singer-Songwriter', 'USA', 'In English', 'Pop']",playboy brigitt bardot deck canin teeth neck hallway waitin ya mini skirt gogo boot uhuh slow sit prechoru wanna ya guess nahuh girl fell love choke burnt babi red wine supernova fall pick care stoner red wine supernova fall hair bra type told fuck babi likeprechoru wanna ya guess nahuh girl fell love choke burnt babi red wine supernova fall yall pick care stoner red wine supernova fall bridg hous california king twin bed roommat worri cool heard magic wand rabbit babi freaki kinki bed squeaki babi red wine supernova fall care stoner red wine supernova fall meemb
68,I Never Lie,Zach Top,['Country'],time angel heard doin fine promot april met dad sleep babi late drink whiskey feel hurt lone goodby lie yeah met model beg malibu decid day likechoru sleep babi late drink whiskey feel hurt lone goodby lie bridg yeah sleep babi late drink whiskey feel hurt lone goodby lieemb
69,Think I'm In Love With You,Chris Stapleton,"['Adult Contemporary', 'Singer-Songwriter', 'Country']",babi happen chang sound strang love time wanna makin lose mind thinkin time wanna dream true love love ooh power truth life thе air breathin girl light wanna yourе everythin reason woman chri stapleton liveget ticket likechoru love time wanna makin lose mind thinkin time wanna dream true love love time wanna makin lose mind girl thinkin time wanna dream true love love time wanna makin lose mind girl thinkin time wanna dream true love love outro love love love yeah love love yeah love youemb
70,Burning Down,Alex Warren,"['In English', 'USA', 'Pop']",guess knife close close scar call friend truth cold cold prechoru wipe dirt shirt yeah fire start hous burn led saint sinner fed em lie dinnеr hous burn postchoru oohooh oohooh oohooh oohooh oohooh ooh likevers sleep night onе hide betray alibi chanc amend drunk bitter claim innoc sad fire start hous burn led saint sinner fed em lie dinner hous burn bridg pray pray downfal dig grave share wall pray pray downfal dig grave share wall fire start hous burn led saint sinner fed em lie dinner hous burn outro pray pray pray downfal downfal dig grave share wall pray pray downfal dig grave share wall youemb
71,Prove It,21 Savage & Summer Walker,"['USA', 'In English', 'Trap', 'Atlanta Rap', 'R&B', 'Rap']",faith evan savag love love life preciou babi dedic love child child yeah woah savag summer walker pourin wocki greec east leavin cream sheet brother niec safe space babi bringin peac street shallow deep yeah wanna cuddl week mamanem innoc freak carе exe whatevеr playin makin em swingin hoe comb dread fell love braid gutter bitch cook clean load ks bodi daze matter slay card declin fuck makeup fine nigga dollar dime nervou gotta love sign yeah care goin ridin fuck bring tabl bae tabl eatin dine ohoh likechoru summer walker babi twin disrespect comin nigga play gon sin babi love trust pray hoe prove savag summer walker nigga mold nigga hold lil boy told lookin closur hit eliantt froze yeah yeah bear polar play cat doja throw shit pose trust takin easi wanna neeki actin shi freaki piec rees sayin bae meet salon peachtre pullin bp yeah presidenti dc love loui grab ass greet heard nigga sweet tea cuf releas babi talk stori bae subtweet summer walker babi twin disrespect comin nigga play gon sin babi love trust pray hoe prove outro summer walker love life dedic dedic youemb
72,Nel,Fuerza Regida,"['Latin Pop', 'México', 'En Español', 'Latin Urban', 'Latin Music', 'Pop']",lyricsletra nel coro hoy pensé en salir buscart pero nel llamart pero nel otra noch otro hotel palo van má tre loca sé quién enamoró mi cartier sí bien rica pero nel culoncita pero nel verso colombiana pura diez camarada chanel prada mami prend mama tú quier te pongo jeepeta casa piel verd esta loquera encanta refrán babi perdí en tu ojo desd esa noch mami tien bien loco whiskey tequila falt coco mami yo te toco quítam el antojo coro hoy pensé en salir buscart pero nel llamart pero nel otra noch otro hotel palo van má tre loca sé quién enamoró mi cartier sí bien rica pero nel culoncita pero nel fuerza regida liveget ticket likeverso tú mi muñequita aferraft pal tusi una experta una master preciosa una alérgica látex cómo lo bate cómo lo bate duro tú mi muñequita aferraft pal tusi una experta una master preciosa una alérgica látex cómo lo bate cómo lo bate refrán babi perdí en tu ojo desd esa noch mami tien bien loco whiskey tequila falt coco mami yo te toco quítam el antojo outro tú mi muñequita aferraft cómo lo bate cómo lo bateemb
73,The Emptiness Machine,Linkin Park,"['Alternative Rock', 'Alternative Metal', 'Metal', 'In English', 'USA', 'Rock']",mike shinoda blade sharpen precis flash favorit view wait distanc prechoru mike shinoda pull skin mike shinoda cut watch bleed hopin receiv fallin promis empti machin empti machin emili armstrong emili armstrong mike shinoda goin revolv decid lose altar lyin lyin prechoru mike shinoda emili armstrong pull skin linkin park liveget ticket likechoru emili armstrong cut watch bleed hopin receiv fallin promis empti machin bridg mike shinoda emili armstrong mike shinoda emili armstrong cut watch bleed hopin fuckin naiv fallin promis empti machin empti machin outro emili armstrong mike shinoda empti machin empti machineemb
74,Too Fast,Future,"['Hip-Hop', 'USA', 'Southern Rap', 'In English', 'Trap', 'Atlanta Rap', 'Rap']",yeah yeah yeah yeah nigga yeah yeah gettin bodi matchin aesthet sayin motherfuck appreciatin shit cool bought patek movin fast gwagon movin fast condo movin fast goin fast movin fast gon yeah bought patek movin fast yeah richard milli movin fast yeah yeahyeah poppin swap em week pluto cashin sixtythre shouldv lеase rack goin brazi rodeo hеr feast day tryna greec crazi treat hermè fuckin trick quarter time heard bout song gon poppin bro wrong keepin solid solid bought kelli hope deserv talk friend told splurgin settl worth woke purs pull coup gutter backdoor chanen treatin love unnecessari spendin hidin mother bitch reveng fuck brother yeah likechoru gwagon movin fast fast condo movin fast fast movin fast gon yeah bought patek movin fast ap richard milli movin fast yeah dollar spendin rack fast tryin spend bag drivin fast doin dash tryin birth design ap tryin holdin traffic bought design district truck bag pilin feel bvlgari wildin bodi throw carti love bracelet lustin bad luck havin nigga fuckin imagin doin bid nigga nuttin invis princess cut ima lookin bogu ridin flawless baguett readi shine bitch cover pucci floor rack exhaust throw bought patek movin fast yeah gwagon movin fast fast condo movin fast fast movin fast gon yeah bought patek movin fast ap richard milli movin fast yeah yeahyeah outro babi girl fast fast bodi fast gwagon movin fast fast condo movin fast fast movin fast saidemb
75,Residuals,Chris Brown,"['USA', 'In English', 'DMV Rap', 'R&B']",night complic recal morn fade karma definit jade stay mind stay mind tryna muzzl crazi feel minut cool trip swear deserv wast mind mind prechoru build build wash lace lace watch love love love time teach taught ya nicknam think swear wear residu chri brown liveget ticket likepostchoru residu residu wanna sequel lie feel mutual time realiz peopl love blind love blind prechoru build build wash lace lace watch love love love love time time teach taught ya nicknam think swear wear yeah residu postchoru whoemb
76,Casual,Chappell Roan,"['Soft Rock', 'Shoegaze', 'Dream Pop', 'Alternative Pop', 'LGBTQ+', 'USA', 'In English', 'Singer-Songwriter', 'Pop']",friend loser hang heard rumor girl bang couch lose kiss anger issu prechoru babi attach kneedeep passeng seat eat casual week mom invit hous beach casual friend casual casual babi casual casual dumb love love stupid dream apart friend pier likeprechoru babi attach kneedeep passeng seat eat casual week mom invit hous beach casual friend casual casual babi casual bridg hard casual favorit bra live dresser hard casual phone talk sister chill girl hold tongu space chill girl honestli kneedeep passeng seat eat week mom invit beach hous friend babi outro fuck bathroom dinner parent tabl bitter brag friend hit hate truth dude hate drag hate hate drag hellemb
77,El Lokeron,Tito Double P,"['En Español', 'México', 'Regional Mexicano', 'Corrido', 'Latin Pop', 'Latin Urban', 'Latin Music', 'Pop']",lyricsletra el lokerón verso gorrita lado lo ojo tumbado cargo placón loco cabrón así dicen soy lo plebe andan ondeado bajan lo vidrio humaderón sale el olor pura flor tengo llamada perdida mi morra ya varia vece marcó quier ya regres pal cantón dé por perdida hay pedo aquí tengo amiga lado lo muev mucho mejor mucho mejor coro te tengo aquí mi lado pero paso chingón van cuatro día enfiestado encerrado traigo loquerón loquerón por amor el loquerón interludio tito doubl el loquerón mi ay mamá verso pata fondo acelerado bien adiamantado traigo el rolexón atrá mí vien convoy convoy lo plebe andan ondeado la punta por fuera el blindadón en el depa reventón ya empezó póngans pila la bandida llegarán en calor ahí vienen do miguelón duerma plebada ahí vienen morrita medio millón en el tiktok lo mejor lo mejor likecoro te tengo aquí mi lado pero paso chingón van cuatro día enfiestado encerrado traigo loquerón loquerón por amor el loquerón outro instrumentalemb
78,Belong Together,Mark Ambor,"['Folk', 'Acoustic', 'In English', 'USA', 'Pop']",sleep friend death rest workin damn day blueberri butterfli pretti greet eye belong cold ice tea warmer weather lay late pine fun thе sun shine belong togеther time postchoru woah spillin wine homemad drink throw cheer worri sink damnit aliv time likechoru belong cold ice tea warmer weather lay late pine fun sun shine belong bridg love belong cold ice tea warmer weather lay late pine fun sun shine belong time outro hey hahaha wooemb
79,Plutoski,Future,"['In English', 'USA', 'Atlanta Rap', 'Southern Rap', 'Trap', 'Hip-Hop', 'Rap']",woah yeah yeah care regular nigga regular pointer stunt gon gram chain gettin currenc chang goin countri street nigga gangster shit bein famou hang nigga fals claimin tryna talk yeah bitch clariti runnin shit yeah plutoski chop door ski chop door hing plutoski whip bowl ski trappin load plutoski sippin dope ski mode plutoski told dog ski plutoski filipino korean taggin em ridin satan plutoski throw magazin street boy goin dark nasti lil blog ga likechoru yeah uh yeah trappin trap yeah yeah yeah flippin strap yeah syrup flippin yeah thuggin thug yeah thuggin yeah blessin bless yeah yeah yeah flippin flippin yeah yeah yeah yeah uh yeah trappin trap yeah flippin strap yeah flippin yeah thuggin thug yeah thuggin yeah blessin bless yeah yeah yeah flippin flippin yeah yeah yeah yeah vere rappin robbin street boy millionair drinkin lean filipino korean send lo pullin mornin hoggin road benz tail tanglin friend tanglin em doin rich nigga throw parti crib throwin ferrari ear yeah uh yeah trappin trap yeah yeah yeah flippin strap yeah syrup flippin yeah thuggin thug yeah thuggin yeah blessin bless yeah yeah yeah flippin flippin yeah yeah yeah yeah uh yeah trappin trap yeah flippin strap yeah flippin yeah thuggin thug yeah thuggin yeah blessin bless yeah yeah yeah flippin flippin yeah yeah yeah yeahemb
80,Chihiro,Billie Eilish,"['R&B', 'Psychedelic Trance', 'Progressive Trance', 'Progressive Electronic', 'Progressive Pop', 'Electro-Pop', 'Electronic', 'Melodic Techno', 'Melodic House', 'Synthwave', 'Easy Listening', 'Electro-Funk', 'Nu Disco', 'Dance', 'Dance-Pop', 'Synth-Pop', 'Electroclash', 'Witch House', 'Alternative Pop', 'Alternative', 'USA', 'In English', 'Pop']",love forget tomorrow kinda strang feelin sorrow chang yup borrow borrow tomorrow door door cope told war store hope door refrain love seat counter look takin break rеturn gonе billi eilish liveget ticket likebridg call call refrain love interlud waitin garden contemplatin beg pardon recogn feel told told curiou door door cope told war store hope door postchoru wring hand lap trap outro wring hand lap trap wring hand lap trap hmhmemb
81,No One Noticed,The Marias,['Pop'],lost mind notic notic kinda bein lone lost virtual connect lost video obsess read eye true kinda bein lone virtual connect time video obsеssion refrain leav mе easi babe guess plane fli citi excit hold consol leav trace leav easi babe guess plane fli citi excit hold consol leav trace leav easi babe guess plane fli citi excit hold consol leav trace leav easi babe guess plane fli citi excit time hold consol leav trace likechoru kinda bein lone virtual connect time video obsessionemb
82,Teflon Don,Future,"['In English', 'USA', 'Atlanta Rap', 'Southern Rap', 'Trap', 'Hip-Hop', 'Rap']",lyricsprechoru yeah yeah yeah yeah yeah yeah yeah beat john gotti woah beat beat john gotti dog bitch boss shot spread band raw spot boy rock poppin hotel readi play bail fore hit plate hous smell throwin tray margiela chain advil freebandz nigga motion motion feel field ima crash fuck opp makе mama gotta hit hurt grrt grrt thеi gon shoot church goin bezerk ayi gang goin mission stayin alert street chop vert plutoski bitch feelin bitch feelin energi ho stroll tennesse control motion beneath crunk shit talkin vneene bitch turnt chaneene stripe turf kiddin ice dirt shittin load boat drop pin hit nitro motor pushin freebandz record shit killer fuck money tragedi bread dummi threatenin murk tape drummi press delet drivin brain sittin seat fli dope countri treasur tree woo flyer pilot key fuck narcot street block gon snatch cuban link ski tote draco trench ski hear chain clank turnin freebandz money burnin fit stuff slatt time tough slatt whoop bugatti chuck brother love set em grrt grrt ski likeprechoru plutoski yeah yeah yeah yeah yeah yeah yeah beat john gotti woah beat beat john gotti dog bitch boss shot spread band raw spot mixtap pluto outro yeah yeah ski yeah yeah ski ski mixtap plutoemb
83,Apple,Charli xcx,"['Alternative', 'England', 'Glitch', 'Synthwave', 'Synth-Pop', 'Electro-Pop', 'Electronic', 'Dance-Pop', 'Dance', 'In English', 'UK Pop', 'UK', 'Pop']",guess appl fall tree wanna throw appl sky feel understand wanna drive airport airport airport airport guess appl yellow green lot nuanc wanna grow appl seed angri listen leav airport airport airport airport airport airport airport airport interlud yeah yeah gonna drive gonna drive night gonna drive gonna drive night charli xcx liveget ticket likevers appl rotten core pass appl come split appl symmetr line kinda scari wanna drive drive drive drive drdrdrdrive drive drive gonna drive gonna drive night gonna drive gonna drive night drive drive drive drdrdrdrive drive outro wanna feel feel wanna feel feel youemb
84,Thick Of It,KSI Featuring Trippie Redd,"['UK Rap', 'Comedy', 'Meme Rap', 'UK Pop', 'Rap', 'Midwest Rap', 'In English', 'USA', 'England', 'Pop Rap', 'UK', 'Pop']",ksi snow ski froze nothin bout ice cold somethin milli sub told ksi prime final form knock feet floor live straight soldout tour life fight trust readi war prechoru ksi woahohoh stori woahohoh guess stori ksi snow ski froze nothin bout ice cold somethin milli sub ivе told ksi screen pеn king crown bling drama heart smash ceil reach star likeprechoru ksi woahohoh stori woahohoh guess stori ksi trippi redd snow ski froze woo nothin bout ice cold somethin milli sub told trippi redd ksi trippi redd ksi highway heaven cruisin lone cast left dead peopl cold faith god mind sun bout sow yeah life hard wheel crack code yeahyeah woahohoh gon save life break yeah woahohoh stori ksi trippi redd ksi trippi redd snow ski froze woo nothin bout ice cold somethin milli sub told snow ski froze yeah nothin bout ice cold somethin milli sub told oohooh outro ksi ksi trippi redd woahohoh nahnahnahnah ayi ayi stori nah nah woahohoh guess stori goesemb
85,Hollon,GloRilla,"['Hip-Hop', 'Southern Rap', 'Dirty South', 'Memphis Rap', 'Rap', 'USA', 'In English']",ayi hol ho hol hol hol ho ayi hol ho hol hol hol ho ayi hol ho hol hol hol ho ayi hol ho hol hol hol ho ho start fuck bitch gnarli fuck parti gon step shit stamp goon swipe bitch disput charg gang makin music beatin bitch marchin woo hand ho band chanc chanc chanc nigga uhuh sayin lil danc folk goin land folk ayi hol ho hol hol hol ho ayi hol ho hol hol hol ho ayi hol ho hol hol hol ho ayi hol ho hol hol hol ho iiii pressur pressur follow rule rebel stand bitch special ayi stand bitch kevin god bumass bitch messi messi start bitch petti ho linе bitch readi pick choos whoevеr diamond cert ice certi smilin nigga ho knock thirtytwo bumass door hear engin vroom vroom switch sport lil babi gang glorilla liveget ticket likechoru ayi hol ho hol hol hol ho ayi hol ho hol hol hol ho ayi hol ho hol hol hol ho ayi hol ho hol hol hol ho glock drum yeah favorit gun bop nigga favorit nah real yeah rareass bitch nigga fuck nah mine cum freak sheet street babi thug threw tenthousandsomethin fuckin club huh hoo poppin hard shit shit nigga type stupid bitch gang ayi hol ho hol hol hol ho ayi hol ho hol hol hol ho ayi hol ho hol hol hol ho ayi hol ho hol hol hol hoemb
86,Liar,Jelly Roll,"['In English', 'USA', 'Country']",drive mind count time feel nothin play fool fool prechoru drink whiskey pop pill money happi heaven real love heart broke nothin liar yeah walk yeah underground hear head bed dream friend blow smoke scare tellin liar jelli roll liveget ticket likevers burn time devil disguis hide true color leav lead prechoru drink whiskey pop pill money happi heaven real love heart broke nothin liar yeah walk yeah underground hear head bed dream friend blow smoke scare tellin liar bridg doin swear poison liar liar yeah walk yeah underground hear head bed dream friend blow smoke scare tellin liaremb
87,We Pray,"Coldplay Featuring Little Simz, Burna Boy, Elyanna & TINI","['Singer-Songwriter', 'Conscious Hip-Hop', 'Trap', 'Pop Rap', 'Rap', 'UK Rap', 'UK Pop', 'England', 'UK', 'Nigeria', 'Palestinian - فلسطيني', 'Middle East', 'Argentina', 'In English', 'Pop']",simz elyanna chri martin burna boy woah pray ooh chri martin pray pray pray lift pray brother bless pray pray virgilio win pray judg forgiv sin pray pray friend pull pray pray love pray breath valley shadow death chri martin chri martin simz burna boy pray pray shelter record play pray sing baray pray thе day pray somеwher heaven waitin pray amazin pray feel pain day likevers simz chri martin simz burna boy pray love shelter fear pray trust wipe tear confront pain card dealt life pray speak truth sister aliv sea yeah followin dream yeah knock door yeah allow pass yeah pray speak tongu honest understand modest pray mirror queen goddess chri martin chri martin simz burna boy pray pray shelter record play pray singin baray pray day pray heaven waitin pray amazin pray feel pain day bridg burna boy knee pray sleep wake head frighten smile grace love hey chri martin simz elyanna burna boy chri martin elyanna tini pray pray pray pray pray singin baray nobodi postchoru choir simz burna boy burna boy choir lalala lala lala lala lalala lala lala lalala lalala lala lala sing lalala lala pray pray lalala lala lala heaven waitin waitin lalala lala lala amazin amazin lalala lala lala feel pain lalala lala pray pray outro chri martin choir lalala lala lala lalala lala lala lalala lala lala lalala lala pray pray prayemb
88,Fix What You Didn't Break,Nate Smith,"['USA', 'In English', 'Country Rock', 'Country']",tenyear train wreck lastcal longneck searchin hurt real bad movin gettin sidetrack step fault scare fall prechoru somethin babi girl pain save yeah leav lone heartbreak pick piec mess couldv left wing girl break star pitch black shine answer prayer pick towel threw heart ruin tattoo love nate smith liveget ticket likechoru yeah leav lone heartbreak pick piec mess couldv left wing girl break break bridg somethin babi girl pain save yeah leav lone heartbreak pick piec mess couldv left wing girl break breakemb
89,Coincidence,Sabrina Carpenter,"['Alternative Pop', 'Sunshine Pop', 'Folk Rock', 'Country Pop', 'Country', 'Folk Pop', 'Folk', 'Singer-Songwriter', 'In English', 'USA', 'Pop']",aon woo head chest real sixth sens bein life damn citi damn night lost common sens coincid postchoru nana nananana nana nananana week doubt week holdin space tongu mouth shе sendin pictur wеarin tryna tens huh suckin mutual friend lost common sens lost common sens told truth percent uh percent coincid uh sabrina carpent liveget ticket likepostchoru nana nananana nana nananana nananana nananana nananana nananana bridg surpris phone die car drove thigh palm spring nice damn kinda girl outgrew coincid wow broke coincid outro nana nananana coincid nana nananana coincid nananana nananana coincid nananana nananana coincidenceemb
90,Close To You,Gracie Abrams,"['Alternative Pop', 'Alternative', 'New Wave (Rock)', 'Synthwave', 'Dance-Pop', 'Dance', 'Teen Pop', 'Synth-Pop', 'Singer-Songwriter', 'USA', 'In English', 'Pop']",close close singl provoc bodi burn smoki dark crowd pink light june ahh cool sudden prechoru burn close pull trigger gun met wanna close break heart start overnight postchoru close close close close close close graci abram liveget ticket likevers mouth move cinemat time pull touch neck die life sign dot ahh chemic overrid ultraviolet tonight prechoru burn close pull trigger gun met wanna close break heart start overnight postchoru close close close close close close bridg burn close pull trigger gun met wanna close break heart start overnight postchoru close close close close close ooh close close close ahh close ahh close outro close close close youemb
91,Sharpest Tool,Sabrina Carpenter,"['Ambient Pop', 'Ambient', 'Bubblegum Pop', 'Electro-Pop', 'Experimental Folk', 'Alternative Dance', 'Synth-Pop', 'Dance-Pop', 'Bubblegum Dance', 'Drum & Bass', 'Electronic', 'Folktronica', 'Ballad', 'Bubblegum Bass', 'Dance', 'Alternative', 'Alternative Pop', 'Folk Pop', 'Folk', 'Singer-Songwriter', 'In English', 'USA', 'Pop']",sharpest tool sex met friend bird fli forget hear word guilt creep tuesday send soft hey recal time prechoru goin left left lot shit secondguess guess wast wonderin casual idiot lookin answer inbetween line lyin werе fine confus upsеt talk talk talk bridg silenc wors leav topofmind silenc strategi leav topofmind sabrina carpent liveget ticket likerefrain talk god ex hous phone facedown overnight bitch hate talk guilttrip log leavin dumbfound ohoh prechoru goin left left lot shit secondguess guess wast wonderin casual idiot lookin answer inbetween line lyin fine confus upset talk talk talk talk talk talk talk talk talk talk talk talk talk refrain talk god ex hous phone facedown overnight bitch hate talk guilttrip log leavin dumbfound ohoh outro talk talk talk talk talk talk talk talk talk talk talk talk talk itemb
92,Chevrolet,Dustin Lynch Featuring Jelly Roll,"['USA', 'In English', 'Duet', 'Country']",dustin lynch dress kill boot peg uptown type yeah talk corner booth closin time caught surpris dustin lynch dirt road window wanna lost edg town chevrolet sixpack brook dunn countri girl slip yeah chevrolet jelli roll fell love thеre werе door song care waitin dustin lynch jelli roll dirt road window wanna lost edg town chevrolet sixpack brook dunn countri girl slip yeah chevrolet ride chevrolet dustin lynch liveget ticket likebridg dustin lynch jelli roll lord prayin day girl dustin lynch jelli roll dirt road window wanna lost edg town chevrolet chevrolet sixpack brook dunn countri girl slip slip chevrolet ooh dirt road window wanna lost edg town chevrolet sixpack brook dunn countri girl slip chevrolet woah outro dustin lynch jelli roll chevrolet chevroletemb
93,Worst Way,Riley Green,"['In English', 'USA', 'Country']",tonight bringin wine tonight bringin rose talkin time light walk door wanna girl wait worst hand needin hip tast whiskey lip close blind lock door break babi tonight love worst babi love wine dine menu tonight remind skin skin feel heaven angel tonight wanna slip wing riley green liveget ticket likechoru worst hand needin hip tast whiskey lip close blind lock door break babi tonight love worst worst worst hand needin hip tast whiskey lip close blind lock door break babi tonight love worst worst outro worst wayemb
94,Ski,Future,"['Southern Rap', 'Trap', 'In English', 'USA', 'Atlanta Rap', 'Hip-Hop', 'Rap']",gon nigga yola bout drop eighth soda prada store cowabunga california rari roll droppin vert pushin coup slum doin smackin bitch perc hit speakin tongu cover fuckin check freebandz life demon devil rockеt launch fuck max pollut cup lovе slut bitch knock trap cut sittin plottin nigga turnt stayin cop pj worth boy feel god interlud god omg chrome heart accessori phetamin aroma wanna stand boss yeah pluto head trip fall feel king sippin red moon chopper sittin bed med trippin trippin money bench slappin pinch nigga puttin fendi ski mula true woo woo doin shit numero uno woo pluto ski ski likechoru club dime flossin readi slide ski ski readi surf ski ski goin berzerk ski worst worth fbg money clean dirti yeah tweakin geekin perki uh purpos wrist uh cuttin diamond perfect uh nigga gon pull nigga brrt brrt ski rich slide nigga ski bodi filter ski siames bitch nympho ski send flight citi bird view gettin turnt gettin litti crew grr shark water model comin twodoor twoton fullthrottl ima dot drop motto ayi gang wrong stay partner murder pitch black broad day drop gunner rack bad bitch gon follow drink syrup foot pedal brr bird sky slatt slatt chanc ride slatt ayi slatt love bitch smack smack pull bat walk walk activ interlud rip trigger trey rip junior boss real gangster brr brr club dime flossin readi slide ski ski readi surf ski ski goin berzerk ski worst worth club dime flossin readi slide ski ski readi surf ski ski goin berzerk skiemb
95,New Drop,Don Toliver,"['USA', 'Hip-Hop', 'Texas Rap', 'In English', 'Rap']",girl cut fell love fell love girl cut choos fell love fell love fell love girl cut choos fell love fell love gotta nono hous hoin yeahyeah yeah freakin yeah honeymoon aspen snowin yeah stay cut ahyeah bitch cutter thе pie yeah wanna fuck gun thе car bitch nightlight poppin glowin yeah nigga jeez yeah nigga ride street mclaren damn feelin dubai damn feelin tupac woo eat threw bop damn ridin ridin drop toliv liveget ticket likechoru girl cut fell love fell love girl cut choos fell love fell love fell love girl cut choos fell love fell love lose control trippin bitch told em play sittin yeah em mode readi kick door yeah max soldier bitch bite cobra fuck yeah fuck fuck yeah fuck fuck shit movin cost chees chrome heart freez tuck pant hardston shit bleed choppin chop shit yeah chop real quick bodi twerkin ya fuck rat fuck shippin drop poppin ha hawkin binocular ha holler phone blockin girl cut fell love fell love girl cut choos fell love fell love fell love girl cut choos fell love fell love outro futur wheezi outta hereemb
96,This Is My Dirt,Justin Moore,"['Singer-Songwriter', 'Country']",hard cake overal sweat neck chaw jaw stranger pull met barn sir build hous neighborhood wonder wanna sell farm dog bark run paus spit ground kick gravel look dirt field harvest plant pond catch bluegil built barn hand rais babi piec mе nah piec land monеyd life greenback dollar worth dirt granddaddi bought acr marri sign paper brother frame farmhous fenc post ground barb wire pull plow hay bale bale yeah hate sell justin moor liveget ticket likechoru dirt field harvest plant pond catch bluegil built barn hand rais babi piec nah piec land moneyd life greenback dollar worth dirt bridg gener pray rain cover lord call dirt field harvest plant pond catch bluegil built barn hand rais babi piec nah piec land moneyd life greenback dollar worth dirt outro yeah dirt yeah dirt harvest plant dirt rais babi dirtemb
97,Fall Fast In Love,Rod Wave,"['Southern Rap', 'Hip-Hop', 'Florida Rap', 'In English', 'USA', 'Soul', 'R&B', 'Rap']",chri idiot yeah tturn five uhhuh uh uh uhuh uh mmmmmmmmmm save betray feelin unlucki babi lot trauma exe crazi realist realest wrote song smile feel uhhuh uh uh judg judg thug pop perc beat love grrah day thuggin yeah love aunti barbado momma thug cousin famili tough love play crazi babi babi week ima lust month love wrote letter bought ticket flight leav uh uh uh rod wave liveget ticket likechoru fallin fast love safe fallin fast crazi scare uh uh uh yeah uh uh uh uh fallin fast love safe postchoru uh uh safe uh hold damn hate relationship goin titfortat everytim nigga shot everytim nigga spin spin start spinnin start spinnin wors messi shit wanna letter babi girl send yeah heart lil minut fallin fast love safe fallin fast crazi scare uh uh uh yeah uh uh uh uh fallin fast love safe postchoru uh uh safe uh hold onemb
98,Holy Smokes,Bailey Zimmerman,"['USA', 'In English', 'Country Pop', 'Country']",scare devil dad park nothin play flame momma lighter fore hook heaven preacher spot church park lot hangin cross rearview eye blue thе red pack cigarеtt seventeen hallelujah life heavi chevi holi ghost somethin bout rush fallin love lightin holi smoke runnin pick left night piss mama walk marri wood door heaven preacher spot church parkin lot hangin cross rearview eye blue red pack cigarett seventeen hallelujah life heavi chevi holi ghost somethin bout rush fallin love lightin holi smoke bailey zimmerman liveget ticket likebridg nothin bout night sinnin jesu forgiv forget heaven preacher spot church parkin lot hangin cross rearview eye blue red pack cigarett seventeen hallelujah life heavi chevi holi ghost somethin bout rush fallin love lightin holi smoke ohemb
99,All Red,Playboi Carti,"['Gangsta Rap', 'Hip-Hop', 'Southern Rap', 'Dark Trap', 'Rap', 'In English', 'USA', 'Atlanta Rap', 'Trap']",wake flthi hol uh upsidedown cross tat neck shut em uh uh upsidedown cross tat neck shut em upsidedown cross tat neck shut em uh uh upsidedown cross tat neck shut em uh bentley park vibe tryna ride vetement thigh mask fri red stay five red pull red dyin red pour drive push sig madden blitz rock badg rich thot bitch yeah thot bitch yeah spot spray bitch spot spray bitch spot shit hol uh drop layin bitch hol hol stolen vehicl drive bitch hol pushin yo block spray em uh pushin yo block spray em send em prayer send em prayer shit goin crazi nother level nother level type player type player creativ player shawti goin shawti slayer shawti treat mail fuck em bring drive coup rodeo bout likechoru upsidedown cross tat neck shut em uh uh upsidedown cross tat neck shut em upsidedown cross tat neck shut em uh uh upsidedown cross tat neck shut em uh bentley park broad tryna ride vetement thigh mask fri red stay five red pull red dyin red pour driveemb
100,Passport Junkie,Rod Wave,"['Southern Rap', 'USA', 'Hip-Hop', 'Soul', 'Trap', 'Florida Rap', 'Cloud Rap', 'Soul Rap', 'In English', 'Chillout', 'Rap']",tryna spit real shit time shit tryna thurl yeah yeah yeah uh bahama light turk told love parti yeah five shit gettin start damn pretti girl pretti girl pretti girl bad bitch holdin hand time expand wanna gram pic sand tryna tan thailand gotta pack cloth shop land badbitch view willin tulum rеadi slow roll readi shе passport junki spend bread dummi yeah met sunday airport monday gettin money girl countri nigga fun takin shot gettin blunt love leavin spend month gon compet pari fli famili rent yacht miami listen listen listen love miami wanna wanna time chang time chang wanna passport junki takin trip countri takin trip countri time chang time chang ayi listen wanna bag bag talkin bout wanna youngin rod wave liveget ticket likeoutro forget twohundreddollar hotel shit shit sir hahahaha time chang bag focu paper focu manemb
